flag,t_start,t_end
1,0.040000,0.180000
1,1.100000,1.180000
1,2.130000,2.210000
1,2.810000,2.920000
